0me,Matches,Innings,Not_Outs,Runs,High_Score,Average,No_Of_100,No_Of_50,Strike_Rate,Catches_Taken,Stumpings,Runs/Innings,Rating,ScaledRating,LogRating
C H Gayle,256,251,34,9120,175,42.02,17,57,150.34,64,0,36.33466135,188036.2816,20.82,5.274241655
B B McCullum,236,233,22,6671,158,31.61,7,32,137.12,96,14,28.63090129,93717.84666,17.5,4.971822301
L J Wright,246,227,24,5854,153,28.83,6,28,147.15,83,0,25.78854626,86122.545,17.13,4.935116855
D A Warner,220,219,22,6868,135,34.86,5,54,143.68,96,0,31.36073059,110581.5143,18.24,5.043682533
M Klinger,111,109,18,3412,126,37.49,5,19,125.62,34,0,31.30275229,52363.62586,15.13,4.719029711
V Kohli,204,192,38,6446,113,41.85,4,46,133.01,89,0,33.57291667,121996.9502,18.69,5.086348974
S K Rai0,242,228,37,6326,109,33.12,3,36,139,124,0,27.74561404,98915.60537,17.73,4.995264813
R G Sharma,234,223,38,6137,109,33.17,3,42,131.16,91,0,27.52017937,89652.82429,17.3,4.952563976
A B de Villiers,210,195,38,5156,133,32.84,3,32,144.3,151,16,26.44102564,84200.96133,17.03,4.92531705
K P Pietersen,159,154,23,4551,115,34.74,3,26,136.13,56,0,29.55194805,71107.74003,16.33,4.851916876
S R Watson,196,189,22,5014,124,30.02,3,30,139.08,59,0,26.52910053,69471.06313,16.23,4.841803945
D R Smith,255,248,22,5966,110,26.39,3,35,127.99,117,0,24.05645161,66303.60716,16.05,4.821537156
R E Levi,156,150,11,4034,117,29.02,3,27,143.55,41,0,26.89333333,55926.78013,15.38,4.747619816
Q de Kock,120,114,10,3531,126,33.95,3,18,135.49,69,20,30.97368421,54710.55394,15.29,4.738071112
A C Gilchrist,102,102,5,2622,109,27.03,3,13,140.28,74,22,25.70588235,31814.45358,13.36,4.502624469
U Chand,59,57,3,1188,125,22,3,2,118.8,38,1,20.84210526,10284.48849,10.07,4.012182696
B J Hodge,256,242,55,6997,106,37.41,2,46,131.72,96,0,28.91322314,116714.787,18.48,5.067125882
S E Marsh,135,133,18,4703,115,40.89,2,36,129.2,51,0,35.36090226,80702.44803,16.85,4.906886709
R N ten Doeschate,270,239,53,5485,121,29.48,2,23,136.81,106,0,22.9497908,79971.97021,16.82,4.902937796
M J Guptill,161,156,18,4854,120,35.17,2,31,128.54,98,0,31.11538462,72470.57246,16.41,4.860161692
A J Finch,156,152,15,4686,156,34.2,2,34,133.42,61,0,30.82894737,70223.1514,16.28,4.846480315
C L White,207,198,43,4737,141,30.56,2,31,127.99,86,0,23.92424242,61985.18578,15.78,4.792287907
D P M Jayawardene,200,193,24,4854,110,28.72,2,34,130.02,74,0,25.15025907,60105.89028,15.66,4.778917034
V Sehwag,159,157,6,4061,122,26.89,2,24,147.83,42,0,25.86624204,52315.9142,15.12,4.718633819
A M Sagar,227,206,46,4088,106,25.55,2,18,135.36,45,0,19.84466019,49854.0853,14.94,4.697700752
S B Styris,201,186,30,4020,106,25.76,2,13,134.58,47,0,21.61290323,48193.17371,14.82,4.682985527
Mohammad Hafeez,196,187,14,4174,102,24.12,2,25,124.55,63,0,22.32085562,42056.96444,14.32,4.623837923
M N Samuels,127,125,26,3198,106,32.3,2,22,119.41,34,0,25.584,40101.93847,14.15,4.603165366
M Vijay,150,148,5,3684,127,25.76,2,20,121.82,61,0,24.89189189,37494.15733,13.92,4.573963597
A Symonds,93,85,19,2141,117,32.43,2,12,147.14,42,0,25.18823529,35769.12932,13.75,4.553508369
U T Khawaja,53,52,5,1523,109,32.4,2,8,125.04,17,0,29.28846154,20124.09611,11.91,4.303716383
D J Hussey,258,243,48,5960,100,30.56,1,31,133.06,125,0,24.52674897,82339.93872,16.94,4.915610539
D A Miller,203,185,58,4506,101,35.48,1,22,138.13,132,0,24.35675676,77542.01783,16.69,4.889537098
M E K Hussey,150,141,26,4404,116,38.29,1,34,125.75,70,0,31.23404255,72187.6319,16.39,4.858462795
L R Taylor,215,200,44,4679,111,29.99,1,24,134.18,100,0,23.395,64770.27501,15.95,4.811375741
Y K Pathan,213,191,47,4092,100,28.41,1,19,144.49,69,0,21.42408377,59943.32985,15.65,4.777740864
T M Dilshan,219,215,25,5188,104,27.3,1,34,122.85,79,3,24.13023256,56714.4087,15.43,4.753693409
L M P Simmons,168,166,17,4674,100,31.36,1,36,115.95,67,0,28.15662651,55041.04707,15.32,4.740686687
M J Lumb,204,203,11,4700,124,24.47,1,25,138.19,67,0,23.15270936,51108.4314,15.04,4.708492552
R S Bopara,221,205,38,4540,105,27.18,1,24,119.37,67,0,22.14634146,50814.64432,15.01,4.70598889
M K Niazi,138,122,32,3067,107,34.07,1,11,118.69,56,0,25.13934426,44892.03299,14.56,4.652169273
A M Rahane,141,135,16,3671,103,30.84,1,30,118.49,61,0,27.19259259,44834.85565,14.55,4.651615776
F du Plessis,156,142,16,3570,119,28.33,1,20,125.52,69,0,25.14084507,44628.67093,14.53,4.649613954
H H Gibbs,171,167,13,3895,101,25.29,1,28,123.22,76,0,23.32335329,39771.05516,14.12,4.599567113
Kamran Akmal,174,158,16,3517,105,24.76,1,23,127.24,102,77,22.25949367,39047.10216,14.06,4.591588809
J D Ryder,121,118,7,2959,107,26.65,1,21,149.14,37,0,25.07627119,38591.32221,14.02,4.586489659
M N van Wyk,115,111,14,2982,114,30.74,1,19,122.26,80,19,26.86486486,37155.2967,13.88,4.570020734
S R Tendulkar,96,96,11,2797,100,32.9,1,16,121.13,28,0,29.13541667,35668.92822,13.74,4.55229006
S P D Smith,140,121,29,2652,101,28.82,1,8,126.04,80,0,21.91735537,35667.16036,13.74,4.552268534
M K Pandey,138,130,18,2902,114,25.91,1,13,117.29,69,2,22.32307692,29957.91056,13.16,4.47651152
W P Saha,146,123,27,2383,115,24.82,1,12,130.64,76,24,19.37398374,29349.43289,13.09,4.467599714
G C Smith,86,86,6,2389,105,29.86,1,11,123.08,37,0,27.77906977,28095.93044,12.95,4.448643419
D J Harris,78,73,7,1965,108,29.77,1,9,127.51,29,0,26.91780822,25503.94458,12.64,4.406607356
S T Jayasuriya,111,109,7,2317,114,22.71,1,12,140.08,21,0,21.25688073,24019.59942,12.45,4.38056576
C A Lynn,68,63,9,1592,101,29.48,1,10,143.03,24,0,25.26984127,23185.47634,12.34,4.365216023
K S Williamson,96,89,10,2087,101,26.41,1,11,118.57,43,0,23.4494382,22557.80691,12.26,4.353296875
D T Christian,164,141,29,2276,129,20.32,1,6,129.46,68,0,16.14184397,22284.67362,12.22,4.348006278
T L Suman,75,72,9,1546,100,24.53,1,5,125.69,21,0,21.47222222,15888.63211,11.23,4.201086509
M A Agarwal,79,74,5,1568,111,22.72,1,8,127.16,33,0,21.18918919,15475.6983,11.15,4.189650255
R Bhatia,137,87,36,1133,107,22.21,1,1,118.51,40,0,13.02298851,15027.43158,11.07,4.176884759
L A Pomersbach,56,54,7,1229,112,26.14,1,5,129.91,21,0,22.75925926,13849.82527,10.85,4.141444294
L P C Silva,65,62,8,1321,110,24.46,1,3,119.98,26,0,21.30645161,13005.88092,10.68,4.114139773
M Ashraful,64,60,4,1300,103,23.21,1,4,117.54,21,0,21.66666667,12105.50415,10.49,4.082982881
G R 0pier,126,92,17,1177,152,15.69,1,0,149.17,38,0,12.79347826,12072.95529,10.48,4.081813592
M C Juneja,38,36,8,871,108,31.1,1,3,126.04,18,0,24.19444444,11532.35526,10.36,4.061918013
I R Jaggi,45,44,10,1011,108,29.73,1,4,112.83,13,0,22.97727273,11098.91355,10.26,4.045280469
T M Head,26,25,4,620,101,29.52,1,4,148.32,7,0,24.8,9034.22863,9.75,3.955891077
D B R Teja,59,52,9,982,101,22.83,1,4,109.84,22,0,18.88461538,8940.803906,9.72,3.95137657
P A Reddy,47,46,6,912,105,22.8,1,1,118.44,12,0,19.82608696,8052.265548,9.47,3.905918089
P C Valthaty,34,34,1,778,120,23.57,1,3,126.5,6,0,22.88235294,7423.003808,9.28,3.870579683
B B Samantray,46,43,6,721,102,19.48,1,2,113.9,14,0,16.76744186,5476.300811,8.6,3.738487296
P S P Handscomb,35,29,12,460,103,27.05,1,1,112.19,17,4,15.86206897,5391.371691,8.57,3.731699274
S S Shaikh,18,17,1,405,110,25.31,1,2,121.25,6,0,23.82352941,4211.167129,8.06,3.624402478
V H Zol,12,11,0,298,109,27.09,1,1,122.63,3,0,27.09090909,3455.894982,7.67,3.538560537
K A Pollard,312,279,84,6095,89,31.25,0,30,152.71,177,0,21.84587814,104085.8224,17.96,5.017391578
Shoaib Malik,233,221,63,5995,95,37.94,0,37,123.5,92,0,27.12669683,94769.17441,17.55,4.976667097
M S Dhoni,240,216,86,4884,73,37.56,0,18,135.93,122,59,22.61111111,88659.24419,17.26,4.947724025
J P Duminy,210,197,62,5137,99,38.05,0,33,122.28,79,0,26.07614213,81530.98774,16.9,4.911322704
O A Shah,230,217,49,5509,84,32.79,0,30,125.06,73,0,25.38709677,76621.50778,16.64,4.884350694
R V Uthappa,198,192,20,5059,92,29.41,0,26,132.74,96,32,26.34895833,65174.1622,15.98,4.814075457
K C Sangakkara,190,184,18,4957,94,29.86,0,29,126.55,108,47,26.94021739,61895.15118,15.77,4.791656628
G Gambhir,211,207,19,5382,93,28.62,0,44,120.78,42,0,26,60683.47414,15.7,4.783070436
D J J Bravo,308,258,71,4798,70,25.65,0,17,125.24,158,0,18.59689922,58880.52327,15.58,4.769971661
J A Morkel,287,231,85,3767,73,25.8,0,11,137.93,62,0,16.30735931,53295.91927,15.19,4.726693958
S Dhawan,160,159,19,4299,95,30.7,0,32,119.38,62,0,27.03773585,50735.29989,15.01,4.705310232
J H Kallis,176,171,28,4416,97,30.88,0,32,112.45,54,0,25.8245614,50504.76468,14.99,4.703332352
A C Voges,159,148,30,3691,82,31.27,0,16,126.05,65,0,24.93918919,50014.9874,14.95,4.699100164
J E C Franklin,184,165,41,3709,90,29.91,0,14,125.85,62,0,22.47878788,49820.75714,14.94,4.697410323
Yuvraj Singh,187,176,23,4047,83,26.45,0,23,131.05,43,0,22.99431818,47695.21635,14.78,4.678474823
E J G Morgan,191,178,25,4001,85,26.15,0,18,129.06,88,0,22.47752809,46365.53214,14.67,4.666195249
A D Russell,206,168,45,2948,77,23.96,0,12,165.99,89,0,17.54761905,46004.90464,14.65,4.662804135
J C Buttler,155,137,32,2900,72,27.61,0,15,146.02,80,16,21.16788321,42328.98532,14.34,4.626637858
K K K D Karthik,199,175,22,3682,90,24.06,0,18,127.62,121,44,21.04,41139.89259,14.24,4.614263154
G J Maxwell,161,152,14,3089,95,22.38,0,16,152.92,75,0,20.32236842,35832.28851,13.76,4.554274546
S M Katich,118,101,19,2483,75,30.28,0,10,126.55,47,0,24.58415842,35571.75985,13.73,4.551105352
G J Bailey,139,124,32,2613,71,28.4,0,14,133.38,55,0,21.07258065,35505.16672,13.73,4.550291556
Shahid Afridi,215,190,25,3152,80,19.1,0,8,155.5,59,0,16.58947368,33898.83763,13.57,4.530184807
H M Amla,94,93,9,2603,97,30.98,0,17,126.29,29,0,27.98924731,32939.68397,13.47,4.517719428
A T Rayudu,157,147,21,3135,81,24.88,0,17,122.89,66,3,21.32653061,32759.46204,13.45,4.515336761
S S Tiwary,119,102,27,2273,69,30.3,0,10,121.87,45,0,22.28431373,31335.42889,13.3,4.496035643
C Munro,112,99,19,2118,89,26.47,0,10,145.56,30,0,21.39393939,29543.01061,13.11,4.47045475
M K Tiwary,124,109,28,2399,75,29.61,0,11,113.32,65,0,22.00917431,29303.56014,13.08,4.466920387
S A Hasan,196,180,29,3133,86,20.74,0,13,123.98,56,0,17.40555556,28070.76985,12.94,4.448254324
R Dravid,109,101,7,2586,75,27.51,0,13,113.87,23,0,25.6039604,27975.86568,12.93,4.446783534
S Badri0th,137,105,29,2132,71,28.05,0,13,111.5,27,0,20.3047619,27840.44545,12.92,4.44467618
P A Patel,156,153,11,3173,82,22.34,0,17,120,91,23,20.73856209,27753.49188,12.91,4.443317633
A D Mathews,141,120,34,2266,81,26.34,0,8,121.82,51,0,18.88333333,27338.96797,12.86,4.436782116
F Behardien,118,97,32,1888,72,29.04,0,6,123.56,46,0,19.46391753,26371.61659,12.74,4.421136753
C A Ingram,108,105,10,2433,96,25.61,0,14,128.52,36,0,23.17142857,26357.65924,12.74,4.420906839
M L Hayden,50,50,5,1632,93,36.26,0,13,136.91,18,0,32.64,25925.85591,12.69,4.413733103
M C Henriques,134,118,25,2292,77,24.64,0,8,123.89,62,0,19.42372881,25425.19773,12.63,4.405264339
A B McDo0ld,93,81,26,1743,96,31.69,0,11,124.41,33,0,21.51851852,25247.75832,12.61,4.402222824
R R Rossouw,86,84,6,2089,78,26.78,0,12,129.91,35,0,24.86904762,23810.07366,12.42,4.376760739
D J G Sammy,202,169,48,2308,60,19.07,0,2,136.64,81,0,13.65680473,23002.70946,12.32,4.361778994
A C Blizzard,94,90,10,2023,89,25.28,0,10,133.26,26,0,22.47777778,22777.60639,12.29,4.357508084
M Y Khan,83,78,17,1864,71,30.55,0,10,117.3,34,0,23.8974359,22745.13939,12.28,4.356888603
R A Jadeja,181,129,39,1887,48,20.96,0,0,121.66,63,0,14.62790698,21604.77926,12.12,4.334549834
T R Birt,109,105,9,2188,94,22.79,0,9,129.08,41,0,20.83809524,21381.48067,12.09,4.330037777
I K Pathan,163,127,49,1796,60,23.02,0,1,123.35,40,0,14.14173228,20945.2075,12.03,4.321084667
J M Kemp,101,80,29,1451,89,28.45,0,4,124.44,47,0,18.1375,20753.48573,12,4.317091051
M Singh,99,87,14,1837,77,25.16,0,8,122.79,39,0,21.11494253,20665.63301,11.99,4.315248713
N L T Perera,169,139,41,1907,72,19.45,0,2,142.95,66,0,13.71942446,20628.91285,11.98,4.314476341
C H Morris,117,64,32,835,82,26.09,0,1,156.07,46,0,13.046875,19890.04891,11.88,4.298635851
S V Samson,91,86,10,1937,87,25.48,0,13,118.32,55,6,22.52325581,19773.34413,11.86,4.296080125
N V Ojha,141,130,19,2276,94,20.5,0,10,119.09,92,20,17.50769231,19285.33347,11.78,4.285227153
B J Rohrer,85,72,20,1396,64,26.84,0,3,133.33,26,0,19.38888889,18872.62091,11.72,4.275832217
C K Kapugedera,106,95,11,1811,96,21.55,0,6,131.23,44,1,19.06315789,18286.52112,11.63,4.262131092
R E van der Merwe,146,106,24,1604,89,19.56,0,8,127.5,54,0,15.13207547,17631.13895,11.52,4.246280368
D J Jacobs,83,80,14,1709,74,25.89,0,8,117.69,39,8,21.3625,17288.27888,11.47,4.23775176
M V Boucher,90,76,27,1378,60,28.12,0,4,115.5,48,16,18.13157895,16959.98304,11.41,4.229425414
J Botha,184,134,45,1747,67,19.62,0,2,112.13,80,0,13.03731343,16887.94217,11.4,4.227576733
B M A J Mendis,111,94,19,1658,67,22.1,0,2,121.46,32,0,17.63829787,16817.25774,11.39,4.22575518
Harbhajan Singh,209,125,44,1341,78,16.55,0,2,138.81,64,0,10.728,16482.90599,11.33,4.217033782
A P Tare,65,57,9,1278,71,26.62,0,6,127.29,17,15,22.42105263,15802.34979,11.21,4.198721671
S C Ganguly,77,73,4,1726,91,25.01,0,8,107,28,0,23.64383562,15590.35858,11.17,4.192856104
E R Dwivedi,40,32,11,789,89,37.57,0,3,131.28,21,8,24.65625,15565.99038,11.17,4.192176758
J P Faulkner,132,98,42,1258,73,22.46,0,1,127.71,40,0,12.83673469,15552.96275,11.17,4.191813132
P D Collingwood,119,104,10,1820,79,19.36,0,7,120.37,36,0,17.5,15529.54036,11.16,4.191158602
J R Hopes,93,79,14,1468,71,22.58,0,10,124.09,22,0,18.58227848,15495.03685,11.16,4.190192613
B J Haddin,78,73,12,1468,76,24.06,0,9,125.14,49,17,20.10958904,15112.61261,11.09,4.17933955
M Vohra,57,55,4,1349,77,26.45,0,6,126.78,21,0,24.52727273,15002.04687,11.07,4.176150518
Y V Rao,83,71,12,1390,71,23.55,0,7,121.71,16,0,19.57746479,14903.96068,11.05,4.173301696
K L Rahul,53,44,8,1050,68,29.16,0,7,123.09,19,4,23.86363636,14526.89381,10.98,4.162172762
K M Jadhav,81,74,22,1248,63,24,0,6,138.35,30,4,16.86486486,14514.70682,10.98,4.161808268
D Wiese,119,81,33,990,71,20.62,0,3,150.91,37,0,12.22222222,14482.84209,10.97,4.160853796
Salman Butt,52,51,5,1337,99,29.06,0,7,113.88,8,0,26.21568627,14436.35727,10.96,4.159457622
Sohail Tanvir,214,136,38,1521,60,15.52,0,2,121,42,0,11.18382353,14382.39276,10.95,4.157831145
M R Marsh,59,52,14,1110,77,29.21,0,5,120.26,22,0,21.34615385,14157.10267,10.91,4.150974382
T D Paine,63,58,2,1341,87,23.94,0,8,124.16,39,12,23.12068966,13854.70114,10.85,4.141597162
N L McCullum,173,135,37,1618,76,16.51,0,4,125.91,72,0,11.98518519,13792.66307,10.84,4.139648127
A Srikkanth,65,56,10,1175,77,25.54,0,7,123.42,28,0,20.98214286,13756.86925,10.83,4.13851961
A D Mascarenhas,130,100,29,1356,57,19.09,0,3,127.32,30,0,13.56,13710.57215,10.82,4.137055579
N K Patel,37,34,6,957,96,34.17,0,6,119.17,14,0,28.14705882,13570.52474,10.79,4.132596641
C J Anderson,72,57,9,1097,95,22.85,0,4,133.29,35,0,19.24561404,13505.10668,10.78,4.130498019
T Henderson,84,74,10,1289,85,20.14,0,7,143.06,10,0,17.41891892,13490.50319,10.78,4.130028149
J L Langer,41,38,2,1015,97,28.19,0,5,136.42,8,0,26.71052632,13476.88125,10.77,4.129589402
J D S Neesham,60,45,15,820,59,27.33,0,2,137.81,21,0,18.22222222,13177.19375,10.71,4.119822932
S Chanderpaul,81,78,11,1576,87,23.52,0,8,105.7,24,0,20.20512821,13019.93789,10.68,4.114608912
L Ronchi,101,89,14,1385,76,18.46,0,3,139.75,69,24,15.56179775,12975.21707,10.67,4.113114632
S A Asnodkar,63,63,3,1410,71,23.5,0,11,121.55,21,0,22.38095238,12888.1896,10.65,4.110191916
H H Pandya,65,50,10,1002,86,25.05,0,5,122.64,32,0,20.04,12805.62926,10.64,4.107400924
S T R Binny,106,80,23,1136,49,19.92,0,0,127.49,27,0,14.2,12232.3428,10.52,4.087509643
M D K Perera,71,68,4,1352,84,21.12,0,10,127.18,26,14,19.88235294,12133.57672,10.5,4.08398884
R McLaren,154,108,45,1231,51,19.53,0,2,109.81,58,0,11.39814815,12046.17398,10.48,4.080849131
K K 0ir,64,58,8,1179,83,23.58,0,8,122.3,17,0,20.32758621,12005.65949,10.47,4.079386022
S W Billings,74,70,8,1316,61,21.22,0,6,124.03,51,5,18.8,11716.8716,10.4,4.068811671
M S Wade,81,65,14,1106,80,21.68,0,5,120.21,46,7,17.01538462,11494.14423,10.35,4.060476643
A M 0yar,88,75,18,1193,79,20.92,0,2,122.35,21,0,15.90666667,11465.09043,10.35,4.059377485
N J Maddinson,51,50,4,1101,85,23.93,0,6,131.85,8,0,22.02,11338.62264,10.32,4.054560302
B R Dunk,62,59,2,1255,96,22.01,0,6,121.25,35,3,21.27118644,11262.50954,10.3,4.051635172
S A Yadav,80,66,21,1002,60,22.26,0,2,129.45,41,0,15.18181818,11199.30226,10.29,4.049190966
K V Sharma,90,62,19,911,67,21.18,0,2,123.1,17,0,14.69354839,11033.24302,10.25,4.042703184
P P Chawla,179,107,36,1084,45,15.26,0,0,124.16,47,0,10.13084112,10994.73462,10.24,4.041184751
C J Ferguson,68,62,7,1190,71,21.63,0,6,117.24,33,0,19.19354839,10591.23226,10.14,4.024946492
D B Das,55,42,17,697,78,27.88,0,2,129.31,17,0,16.5952381,10529.82217,10.13,4.022421037
P Dogra,58,56,11,1137,93,25.26,0,6,110.6,35,0,20.30357143,10527.83047,10.13,4.022338883
B C J Cutting,58,46,15,720,42,23.22,0,0,155.84,24,0,15.65217391,10512.20427,10.13,4.021693792
M Manhas,86,67,17,1102,52,22.04,0,1,104.75,25,0,16.44776119,10450.10955,10.11,4.019120843
R Dhawan,67,51,21,822,65,27.4,0,2,110.33,15,0,16.11764706,10446.49507,10.11,4.018970604
S P Fleming,53,53,3,1157,64,23.14,0,6,121.91,13,0,21.83018868,10444.46077,10.11,4.018886023
R J Peterson,139,97,22,1231,72,16.41,0,3,111.6,30,0,12.69072165,10337.69876,10.08,4.014423873
M Bisla,65,64,3,1324,92,21.7,0,6,110.7,40,15,20.6875,10336.62357,10.08,4.014378701
C A Pujara,54,46,7,1001,81,25.66,0,6,105.81,29,0,21.76086957,10209.4736,10.05,4.00900335
D L Vettori,143,90,25,1041,57,16.01,0,1,119.65,40,0,11.56666667,10139.07349,10.03,4.005998271
W D Parnell,139,72,29,760,99,17.67,0,2,121.6,23,0,10.55555556,10088.25378,10.02,4.003815999
L R Shukla,81,64,16,994,76,20.7,0,3,120.63,31,0,15.53125,10052.33795,10.01,4.002267081
B Sharma,71,53,19,749,79,22.02,0,2,141.58,26,0,14.13207547,10009.98664,10,4.000433498
K H Pandya,27,18,5,404,86,31.07,0,2,164.89,9,0,22.44444444,9934.778156,9.98,3.997158174
N Ra0,19,17,1,544,97,34,0,4,149.86,3,0,32,9913.298944,9.98,3.996218203
M Kaif,70,63,10,1170,70,22.07,0,7,105.97,40,0,18.57142857,9729.232864,9.93,3.988078598
H S Bhatia,38,35,8,806,71,29.85,0,5,113.04,20,0,23.02857143,9448.808707,9.86,3.975377057
G S Mann,62,54,10,947,93,21.52,0,5,122.98,28,3,17.53703704,9208.197863,9.8,3.964174643
J D P Oram,105,85,18,1111,66,16.58,0,4,126.1,35,0,13.07058824,9181.93097,9.79,3.962934023
D A J Bracewell,44,30,14,456,37,28.5,0,0,144.76,16,0,15.2,8829.572506,9.69,3.945939677
Yuvraj Singh,47,43,4,973,58,24.94,0,5,102.31,14,0,22.62790698,8683.73886,9.65,3.938706755
S D Chitnis,34,28,10,510,89,28.33,0,1,153.15,9,0,18.21428571,8598.142049,9.63,3.934404616
Y V Takawale,32,26,3,672,89,29.21,0,4,109.44,21,8,25.84615385,8460.645978,9.59,3.927403523
R R Sarwan,75,70,9,1188,70,19.47,0,5,104.39,24,0,16.97142857,8278.554104,9.54,3.917954491
R V Gomez,55,48,17,732,62,23.61,0,2,130.48,21,0,15.25,8268.418435,9.54,3.917422447
R T Ponting,48,43,3,909,98,22.72,0,5,110.98,17,0,21.13953488,8187.280897,9.51,3.913139691
J J van der Wath,109,78,26,862,48,16.57,0,0,127.51,13,0,11.05128205,8144.339959,9.5,3.910855894
L A Carseldine,26,24,5,596,74,31.36,0,4,125.21,9,0,24.83333333,8112.849394,9.49,3.909173414
T Taibu,48,45,10,882,89,25.2,0,5,106.65,27,13,19.6,8091.120845,9.48,3.908008688
M D Mishra,48,47,3,899,84,20.43,0,3,133.18,14,0,19.12765957,7993.931578,9.46,3.902760427
M F Maharoof,90,67,20,851,55,18.1,0,1,120.7,28,0,12.70149254,7991.588074,9.45,3.90263309
A B Barath,44,44,4,966,68,24.15,0,6,106.5,6,0,21.95454545,7950.48912,9.44,3.900393848
S S Iyer,35,35,2,796,86,24.12,0,6,127.36,16,0,22.74285714,7824.802775,9.41,3.8934734
A Flintoff,39,36,6,683,93,22.76,0,3,142.88,19,0,18.97222222,7699.747572,9.37,3.886476488
A K Pathan,34,33,5,656,87,23.42,0,4,148.75,8,0,19.87878788,7534.642657,9.32,3.87706266
S M Pollock,46,34,7,569,59,21.07,0,1,141.89,9,0,16.73529412,7364.74109,9.26,3.867157484
S Baby,51,38,4,667,48,19.61,0,0,130.78,18,0,17.55263158,7346.514133,9.26,3.866081318
J W Hastings,83,56,15,642,80,15.65,0,2,152.13,19,0,11.46428571,7249.436981,9.23,3.860304279
D du Preez,80,58,26,635,46,19.84,0,0,129.59,24,0,10.94827586,7206.076275,9.21,3.857698855
R Ashwin,193,62,28,474,46,13.94,0,0,109.21,42,0,7.64516129,7188.182923,9.21,3.85661912
R J Quiney,71,65,3,1050,97,16.93,0,5,115.25,32,0,16.15384615,7161.139957,9.2,3.854982162
W Jaffer,23,23,1,616,95,28,0,6,129.14,11,0,26.7826087,7127.701504,9.19,3.852949504
D J Thornely,57,50,13,778,67,21.02,0,3,117.52,24,0,15.56,7010.983114,9.15,3.845778921
M Rawat,48,40,14,632,72,24.3,0,4,116.39,40,13,15.8,6863.888886,9.1,3.836570244
G H Vihari,52,51,7,925,81,21.02,0,2,106.93,23,2,18.1372549,6783.551979,9.08,3.831457157
R Sathish,62,49,14,667,41,19.05,0,0,129.51,25,0,13.6122449,6662.99834,9.03,3.823669705
K H Devdhar,39,38,1,800,96,21.62,0,3,115.77,17,2,21.05263158,6576.164958,9.01,3.817972699
A Mukund,27,26,5,609,67,29,0,2,111.53,15,0,23.42307692,6545.568727,8.99,3.815947387
F Y Fazal,48,46,2,896,66,20.36,0,3,105.41,18,0,19.47826087,6420.975025,8.95,3.807600981
R K Bishnoi,32,29,1,580,75,20.71,0,4,149.48,17,0,20,6340.056678,8.92,3.80209314
A R Patel,67,46,14,577,43,18.03,0,0,129.95,21,0,12.54347826,6301.076801,8.91,3.799414773
M J Clarke,46,40,5,737,67,21.05,0,1,108.22,18,0,18.425,6178.384557,8.87,3.790874936
R Vi0y Kumar,147,68,25,548,38,12.74,0,0,122.04,44,0,8.058823529,5894.006166,8.76,3.770410586
S P Goswami,57,50,3,895,52,19.04,0,1,94.3,22,7,17.9,5862.144261,8.75,3.768056502
P Negi,65,49,22,536,41,19.85,0,0,129.46,26,0,10.93877551,5846.933554,8.74,3.766928158
A L Me0ria,55,46,4,748,52,17.8,0,1,114.54,17,0,16.26086957,5834.902656,8.74,3.766033615
P Kumar,162,81,28,638,76,12.03,0,1,118.36,23,0,7.87654321,5813.949251,8.73,3.764471237
S Ra0,42,38,9,654,62,22.55,0,2,111.41,20,0,17.21052632,5811.177498,8.73,3.764264141
A Mishra,167,78,30,649,49,13.52,0,0,96.43,29,0,8.320512821,5797.028052,8.73,3.763205402
M B Mortaza,105,67,17,664,56,13.28,0,1,130.7,21,0,9.910447761,5779.712245,8.72,3.761906217
A C Thomas,225,69,35,410,30,12.05,0,0,106.77,67,0,5.942028986,5504.318452,8.61,3.740703552
S Singh,33,32,6,599,74,23.03,0,4,119.32,9,0,18.71875,5431.852207,8.58,3.734947945
U A Birla,29,24,2,530,56,24.09,0,1,107.94,13,0,22.08333333,5328.829414,8.54,3.726631818
K B A Karthik,53,43,10,603,66,18.27,0,2,122.56,36,3,14.02325581,5325.519805,8.54,3.726362004
W P U Vaas,56,46,9,672,73,18.16,0,4,110.52,8,0,14.60869565,5254.194762,8.51,3.720506167
Y 0gar,49,37,9,560,44,20,0,0,109.58,16,0,15.13513514,5201.081427,8.49,3.716093653
B Lee,120,56,26,416,48,13.86,0,0,131.23,28,0,7.428571429,5188.393267,8.49,3.715032887
H K S R Kaluhalamulla,57,28,8,337,55,16.85,0,1,138.11,23,0,12.03571429,5108.833324,8.45,3.708321734
N Saini,45,41,4,713,74,19.27,0,3,104.69,37,14,17.3902439,5051.90389,8.43,3.70345508
C R Brathwaite,51,36,8,447,36,15.96,0,0,154.67,17,0,12.41666667,5002.235676,8.41,3.699164149
G B Hogg,125,43,20,340,54,14.78,0,1,106.58,29,0,7.906976744,4982.193637,8.4,3.697420603
S 0rwal,33,21,8,277,42,21.3,0,0,162.94,9,0,13.19047619,4834.278964,8.34,3.684331708
C J Jordan,54,37,13,455,37,18.95,0,0,118.48,30,0,12.2972973,4770.980819,8.31,3.678607671
K K Cooper,129,78,33,545,32,12.11,0,0,136.59,39,0,6.987179487,4770.947487,8.31,3.678604636
M Kartik,147,46,21,320,35,12.8,0,0,110.34,38,0,6.956521739,4621.706997,8.25,3.664802409
T G Southee,120,57,14,441,74,10.25,0,1,147.98,48,0,7.736842105,4506.318114,8.19,3.653821847
K Goel,44,39,5,679,82,19.97,0,3,91.88,12,0,17.41025641,4497.869735,8.19,3.653006874
S N Khan,24,18,8,248,45,24.8,0,0,168.7,2,0,13.77777778,4426.975915,8.16,3.646107159
D H Yagnik,51,41,9,559,70,17.46,0,2,113.38,30,10,13.63414634,4404.826407,8.15,3.643928798
T M Srivastava,28,22,3,420,84,22.1,0,2,113.82,9,0,19.09090909,4302.743668,8.1,3.633745474
S Sohal,32,27,0,511,62,18.92,0,2,116.93,6,0,18.92592593,4287.500408,8.09,3.632204174
A S Raut,39,25,7,368,43,20.44,0,0,113.93,15,0,14.72,4278.005949,8.09,3.631241384
A A Reddy,69,54,15,561,37,14.38,0,0,129.56,18,0,10.38888889,4273.640593,8.09,3.630797996
J Sharma,58,35,8,410,75,15.18,0,1,127.72,16,0,11.71428571,4215.260954,8.06,3.624824466
D S Lehmann,17,17,4,381,48,29.3,0,0,117.95,4,0,22.41176471,4213.475952,8.06,3.62464052
Y G Rao,23,21,2,429,71,22.57,0,3,123.98,10,0,20.42857143,4207.256624,8.05,3.623999003
N S 0ik,18,17,1,400,69,25,0,3,123.45,11,0,23.52941176,4182.776471,8.04,3.621464656
J S Mohammad,41,30,13,383,42,22.52,0,0,110.37,10,0,12.76666667,4163.23363,8.03,3.619430783
V Sivaramakrish0n,25,21,1,410,54,20.5,0,1,129.74,5,0,19.52380952,4154.151238,8.03,3.618482304
D Hooda,53,42,6,525,54,14.58,0,2,131.9,18,0,12.5,4076.97624,7.99,3.610338181
V V S Laxman,25,25,3,491,78,22.31,0,3,114.71,4,0,19.64,4020.983773,7.96,3.604332321
M S Gony,69,35,13,311,42,14.13,0,0,144.65,10,0,8.885714286,4010.070552,7.96,3.603152014
B Chipli,30,28,7,453,61,21.57,0,2,117.35,4,0,16.17857143,3931.376549,7.92,3.594544643
S Kanwar,18,18,1,400,53,23.52,0,1,128.2,6,0,22.22222222,3859.53792,7.88,3.586535312
A J Hollioake,22,19,6,306,65,23.53,0,1,137.83,5,0,16.10526316,3677.106157,7.79,3.565506168
B Akhil,35,26,8,321,35,17.83,0,0,148.61,6,0,12.34615385,3663.94617,7.78,3.563949085
P R Shah,54,37,7,461,71,15.36,0,2,110.55,43,15,12.45945946,3655.888165,7.78,3.562992902
M P Stoinis,27,23,3,404,52,20.2,0,2,115.09,3,0,17.56521739,3528.22466,7.71,3.547556231
N M Coulter Nile,76,44,21,341,42,14.82,0,0,126.29,23,0,7.75,3527.625229,7.71,3.54748244
J O Holder,70,46,13,432,48,13.09,0,0,125.94,34,0,9.391304348,3467.985468,7.67,3.540077269
A A Jhunjhunwala,38,32,6,472,54,18.15,0,2,103.96,20,0,14.75,3384.297206,7.63,3.529468496
S P 0rine,179,58,28,297,28,9.9,0,0,114.67,35,0,5.120689655,3329.787144,7.6,3.522416472
P R Zarghav,37,31,5,478,52,18.38,0,1,97.15,11,0,15.41935484,3259.914556,7.56,3.513206217
P Prasanth,44,32,17,285,43,19,0,0,133.8,6,0,8.90625,3187.9188,7.51,3.503507251
C Madan,20,17,4,311,69,23.92,0,2,110.28,22,4,18.29411765,3088.512578,7.45,3.489749374
C J McKay,88,38,19,255,21,13.42,0,0,121.42,15,0,6.710526316,3079.158031,7.45,3.488431979
A A Bilakhia,19,19,3,377,80,23.56,0,3,107.71,4,0,19.84210526,3061.418065,7.44,3.485922641
A G Paunikar,22,22,1,421,78,20.04,0,1,111.96,6,1,19.13636364,3022.68354,7.41,3.480392681
B A Sumanth,19,17,8,249,60,27.66,0,1,122.66,9,0,14.64705882,3021.406374,7.41,3.480209141
R H Bhatt,35,29,8,390,44,18.57,0,0,106.84,6,0,13.44827586,2988.342799,7.39,3.475430415
M A Khote,11,7,2,147,72,29.4,0,1,137.38,5,0,21,2985.608102,7.39,3.475032801
K M D Kulasekara,96,50,15,370,31,10.57,0,0,123.33,33,0,7.4,2963.443489,7.38,3.47179665
J D U0dkat,65,20,12,126,39,15.75,0,0,141.57,14,0,6.3,2921.834916,7.35,3.465655675
A F Milne,57,21,16,116,18,23.2,0,0,124.73,15,0,5.523809524,2915.563037,7.35,3.464722436
A B Agarkar,62,35,15,286,39,14.3,0,0,125.43,10,0,8.171428571,2907.884258,7.34,3.463577116
C M Gautam,36,32,8,412,53,17.16,0,1,108.7,25,10,12.875,2766.601094,7.25,3.441946544
Umar Gul,139,71,18,469,32,8.84,0,0,105.15,35,0,6.605633803,2731.120201,7.23,3.436340815
S B Bangar,33,28,3,381,67,15.24,0,2,124.5,6,0,13.60714286,2726.372427,7.23,3.435585181
B Geeves,14,7,1,133,28,22.16,0,0,135.71,5,0,19,2559.84236,7.11,3.408213222
M Morkel,154,41,22,185,23,9.73,0,0,117.83,25,0,4.512195122,2549.337232,7.11,3.406427289
D W Steyn,168,52,21,253,27,8.16,0,0,115,44,0,4.865384615,2454.507914,7.04,3.389964437
D R Martyn,6,6,0,175,96,29.16,0,1,149.57,3,0,29.16666667,2442.418272,7.03,3.38782004
A D 0th,34,29,7,357,35,16.22,0,0,109.5,9,0,12.31034483,2378.833702,6.98,3.376364083
J S Saxe0,42,38,7,489,55,15.77,0,1,86.54,10,0,12.86842105,2360.332115,6.97,3.372973115
T Mishra,20,19,0,366,68,19.26,0,1,99.18,6,0,19.26315789,2354.983373,6.97,3.371987845
A P Majumdar,25,21,1,361,43,18.05,0,0,94.75,6,0,17.19047619,2351.983762,6.96,3.371434319
A A Noffke,30,23,5,263,34,14.61,0,0,139.15,7,0,11.43478261,2231.683344,6.87,3.348632572
Imran Tahir,127,24,11,118,17,9.07,0,0,122.91,28,0,4.916666667,2227.506452,6.87,3.347818971
M G Neser,31,20,10,198,35,19.8,0,0,111.86,14,0,9.9,2175.138282,6.83,3.337486872
A A Chavan,26,13,4,154,44,17.11,0,0,128.33,5,0,11.84615385,2164.107841,6.82,3.335278899
S I Abdulla,81,28,16,165,33,13.75,0,0,98.8,30,0,5.892857143,2075.011714,6.75,3.317020553
A Chandila,28,13,5,151,57,18.87,0,1,105.59,12,0,11.61538462,2073.654004,6.75,3.316736295
J Yadav,29,20,10,196,31,19.6,0,0,115.97,11,0,9.8,2067.168033,6.74,3.31537578
S M Harwood,40,14,8,101,20,16.83,0,0,132.89,6,0,7.214285714,2065.283737,6.74,3.314979725
S L Malinga,221,66,24,287,37,6.83,0,0,97.95,42,0,4.348484849,2057.336623,6.73,3.313305357
R R Panth,10,10,2,198,69,24.75,0,1,130.26,3,0,19.8,2042.685216,6.72,3.310201446
A S Chopra,21,19,1,334,72,18.55,0,1,91.25,4,0,17.57894737,1999.580653,6.69,3.300938926
V Malik,41,18,3,189,48,12.6,0,0,113.17,6,0,10.5,1964.377699,6.66,3.293224995
A G Murtaza,33,11,5,119,39,19.83,0,0,86.23,11,0,10.81818182,1953.436484,6.65,3.290799295
D S Kulkarni,94,28,17,141,28,12.81,0,0,99.29,21,0,5.035714286,1926.608862,6.63,3.284793554
S Badree,135,36,27,126,29,14,0,0,89.36,38,0,3.5,1891.57248,6.59,3.276822987
D N T Zoysa,17,14,4,203,41,20.3,0,0,118.02,1,0,14.5,1889.811773,6.59,3.27641855
A Kumar,2,2,1,56,55,56,0,1,186.66,0,0,28,1873.170432,6.58,3.272577294
K J Abbott,88,28,18,130,16,13,0,0,110.16,24,0,4.642857143,1872.342309,6.58,3.272385251
M G Johnson,82,46,21,280,30,11.2,0,0,103.7,18,0,6.086956522,1855.072167,6.56,3.268360809
J Theron,120,49,25,228,31,9.5,0,0,107.54,34,0,4.653061225,1825.423464,6.54,3.261363629
S B Jakati,81,23,8,149,43,9.93,0,0,105.67,31,0,6.47826087,1761.953268,6.48,3.245994386
M J McCle0ghan,98,29,16,123,20,9.46,0,0,138.2,18,0,4.24137931,1738.930989,6.46,3.240282347
D T Patil,14,13,0,237,44,18.23,0,0,113.94,6,3,18.23076923,1696.468857,6.42,3.229545892
K W Richardson,58,21,6,162,26,10.8,0,0,109.45,22,0,7.714285714,1692.439735,6.41,3.228513213
S Sriram,15,14,3,233,39,21.18,0,0,99.57,7,0,16.64285714,1684.703917,6.41,3.226523586
N J Rimmington,77,29,13,170,26,10.62,0,0,105.59,20,0,5.862068966,1619.716229,6.34,3.209438934
B Kumar,100,41,18,216,24,9.39,0,0,101.88,22,0,5.268292683,1612.777297,6.34,3.207574401
U T Yadav,97,28,16,117,24,9.75,0,0,121.87,23,0,4.178571429,1541.171502,6.27,3.18785097
M T T Mirando,51,31,10,233,48,11.09,0,0,112.01,17,0,7.516129032,1523.711429,6.25,3.182902725
S M S Se00yake,86,41,16,246,20,9.84,0,0,93.53,30,0,6,1519.657482,6.24,3.181745713
R J Harris,64,37,15,239,31,10.86,0,0,103.91,23,0,6.45945946,1492.840124,6.22,3.174013299
A N Ahmed,53,26,11,164,20,10.93,0,0,124.24,4,0,6.307692308,1452.706744,6.17,3.162177953
S S Bandekar,28,27,4,308,31,13.39,0,0,103.7,5,0,11.40740741,1419.234943,6.14,3.152054295
A Nel,56,28,13,155,19,10.33,0,0,137.16,11,0,5.535714286,1405.527898,6.12,3.14783947
J A0nd,15,12,1,201,54,18.27,0,1,95.26,4,0,16.75,1399.281761,6.12,3.145905173
S K Warne,73,32,10,210,34,9.54,0,0,92.1,18,0,6.5625,1346.945922,6.06,3.12935016
Zaheer Khan,127,46,25,187,26,8.9,0,0,89.9,26,0,4.065217391,1321.86521,6.03,3.121187173
P V Manikantan,5,5,0,125,42,25,0,0,127.55,2,0,25,1275.5,5.98,3.105680463
P Sahu,15,11,4,134,27,19.14,0,0,113.55,4,0,12.18181818,1270.815264,5.97,3.104082423
A S Yadav,19,15,1,198,44,14.14,0,0,111.23,3,0,13.2,1262.260108,5.96,3.101148857
W A Mota,21,17,2,228,50,15.2,0,1,91.56,6,0,13.41176471,1254.309093,5.95,3.098404571
K Santokie,80,22,8,124,22,8.85,0,0,97.63,17,0,5.636363636,1246.710249,5.94,3.09576553
S 0deem,83,32,11,186,36,8.85,0,0,88.57,18,0,5.8125,1210.099139,5.9,3.082820952
I P Kishan,19,19,0,277,48,14.57,0,0,93.26,6,2,14.57894737,1204.438724,5.89,3.08078471
C K Langeveldt,110,21,13,82,14,10.25,0,0,85.41,22,0,3.904761905,1203.288617,5.89,3.080369808
A N Sharma,46,26,7,188,41,9.89,0,0,112.57,9,0,7.230769231,1184.980678,5.87,3.073711269
S B Wagh,34,24,11,181,27,13.92,0,0,102.84,11,0,7.541666667,1174.62038,5.85,3.069897532
A N Ghosh,16,14,3,187,67,17,0,1,100.53,8,0,13.35714286,1168.767525,5.85,3.067728136
R S Gopal,14,8,2,103,39,17.16,0,0,117.04,3,0,12.875,1158.448812,5.83,3.063876848
B A Bhatt,36,10,4,70,20,11.66,0,0,122.8,8,0,7,1154.642227,5.83,3.062447436
R Rampaul,100,32,18,128,23,9.14,0,0,98.46,20,0,4,1151.903232,5.83,3.061415997
S Aravind,59,16,12,58,14,14.5,0,0,116,20,0,3.625,1151.1608,5.82,3.061135992
K Yadav,24,4,3,22,17,22,0,0,122.22,6,0,5.5,1135.766016,5.81,3.05528887
V R Singh,33,6,3,39,22,13,0,0,125.8,7,0,6.5,1122.53856,5.79,3.050201268
H M Das,18,17,7,184,59,18.4,0,1,96.84,11,9,10.82352941,1110.871919,5.77,3.045663989
R R Powar,28,11,7,72,28,18,0,0,102.85,5,0,6.545454546,1085.73696,5.74,3.035724622
S K Singh,25,17,8,134,28,14.88,0,0,114.52,13,0,7.882352941,1074.558675,5.73,3.031230135
H V Patel,61,33,10,177,26,7.69,0,0,129.19,17,0,5.363636364,1040.146179,5.68,3.017094378
D E Bollinger,123,17,7,68,17,6.8,0,0,95.77,31,0,4,1025.305958,5.66,3.010853481
S A Abbott,44,31,7,229,39,9.54,0,0,98.7,23,0,7.387096774,979.3591172,5.59,2.990941971
K A Razzak,79,39,17,191,36,8.68,0,0,89.67,20,0,4.897435897,963.6353533,5.57,2.983912725
J Suchith,25,12,5,92,34,13.14,0,0,115,12,0,7.666666667,926.808,5.52,2.966989774
B B Sran,24,7,6,21,9,21,0,0,190.9,3,0,3,923.65056,5.51,2.965507698
I C Pandey,45,10,3,56,19,8,0,0,136.58,9,0,5.6,881.104896,5.45,2.945027615
B W Hilfenhaus,77,32,17,134,38,8.93,0,0,93.05,14,0,4.1875,857.3602807,5.41,2.93316336
M A Starc,83,28,13,124,29,8.26,0,0,87.32,26,0,4.428571429,848.3703834,5.4,2.928585499
S Kaul,42,15,13,42,8,21,0,0,105,9,0,2.8,829.7856,5.37,2.918965894
D P 0nnes,215,39,31,66,12,8.25,0,0,83.54,34,0,1.692307692,802.4466831,5.32,2.904416186
M Sharma,79,18,10,64,21,8,0,0,106.66,18,0,3.555555556,766.9659876,5.26,2.884776105
S S Mundhe,25,20,5,155,42,10.33,0,0,118.32,9,0,7.75,757.792272,5.25,2.879550172
V R Aaron,47,15,9,71,17,11.83,0,0,87.65,2,0,4.733333333,738.1618414,5.21,2.868151591
M d Lange,44,15,9,63,9,10.5,0,0,118.86,7,0,4.2,738.0350208,5.21,2.86807697
S B Joshi,15,9,5,78,32,19.5,0,0,90.69,3,0,8.666666667,735.67728,5.21,2.866687344
R S Gavaskar,10,8,1,113,47,16.14,0,0,99.12,1,0,14.125,723.1081536,5.19,2.859203259
J E Taylor,61,27,11,124,17,7.75,0,0,103.33,13,0,4.592592593,717.9031621,5.18,2.856065866
K Khan,11,3,2,22,19,22,0,0,122.22,4,0,7.333333333,694.079232,5.13,2.84140905
B Laughlin,88,26,10,102,22,6.37,0,0,94.44,25,0,3.923076923,664.591657,5.08,2.822554885
V Shankar,21,14,2,127,34,10.58,0,0,98.44,16,0,9.071428571,634.8954739,5.02,2.802702231
S W Tait,159,51,23,151,26,5.39,0,0,77.83,23,0,2.960784314,631.960115,5.01,2.80068967
V D Solanki,7,7,1,89,50,14.83,0,1,136.92,2,0,12.71428571,578.2931213,4.9,2.762148027
G S Toor,14,2,0,24,15,12,0,0,88.88,0,0,12,573.382656,4.89,2.758444552
S K Trivedi,103,23,11,71,12,5.91,0,0,92.2,23,0,3.086956522,554.4164627,4.85,2.743836118
A Rajan,31,4,3,11,8,11,0,0,183.33,16,0,2.75,550.136664,4.84,2.74047059
V Y Mahesh,46,19,9,86,16,8.6,0,0,94.5,13,0,4.52631579,541.4806232,4.82,2.73358292
J J Bumrah,77,11,7,34,14,8.5,0,0,82.92,10,0,3.090909091,536.790912,4.81,2.729805155
K A J Roach,44,13,5,59,12,7.37,0,0,113.46,17,0,4.538461539,534.3447924,4.81,2.727821581
I Malhotra,11,10,3,104,28,14.85,0,0,97.19,2,0,10.4,528.3528307,4.79,2.722924039
T P Sudhindra,27,15,9,75,13,12.5,0,0,94.93,9,0,5,512.622,4.76,2.709797241
M M Patel,93,19,13,46,23,7.66,0,0,90.19,20,0,2.421052632,497.7649518,4.72,2.697024314
S Sreesanth,60,20,12,73,19,9.12,0,0,76.84,9,0,3.65,491.1071846,4.71,2.691176288
A Mithun,45,22,8,91,12,6.5,0,0,126.38,15,0,4.136363636,489.2974036,4.7,2.689572911
D Salunkhe,6,3,1,33,26,16.5,0,0,137.5,2,0,11,479.16,4.68,2.680480556
S Sharma,59,11,10,20,7,20,0,0,66.66,14,0,1.818181818,457.6512,4.63,2.660534606
I Sharma,103,24,19,45,9,9,0,0,81.81,21,0,1.875,455.02722,4.62,2.658037377
P Sangwan,64,28,15,94,14,7.23,0,0,91.26,18,0,3.357142857,453.6475151,4.62,2.656718536
B A W Mendis,119,39,16,123,15,5.34,0,0,69.49,27,0,3.153846154,445.6572877,4.59,2.649001013
F H Edwards,89,27,12,87,11,5.8,0,0,83.65,12,0,3.222222222,445.2351182,4.59,2.648589412
R Sharma,74,35,9,131,14,5.03,0,0,98.49,20,0,3.742857143,439.0814319,4.58,2.642545072
R W Price,68,25,13,87,14,7.25,0,0,79.09,14,0,3.48,434.2078963,4.56,2.637697717
A P Dole,3,2,0,34,30,17,0,0,154.54,2,0,17,428.755776,4.55,2.632209984
R Tewatia,4,1,0,16,16,16,0,0,123.07,0,0,16,403.275776,4.48,2.605602136
K A Singh,44,18,10,70,16,8.75,0,0,81.39,11,0,3.888888889,389.9485333,4.44,2.591007291
R R Bhatkal,20,14,5,86,25,9.55,0,0,102.38,11,0,6.142857143,384.3871726,4.43,2.584768886
L Balaji,104,20,9,54,15,4.9,0,0,87.09,16,0,2.7,383.452393,4.43,2.583711452
R A Shukla,26,14,8,59,17,9.83,0,0,109.25,10,0,4.214285714,376.5496651,4.41,2.575822266
M J Bucha0n,5,5,1,60,48,15,0,0,127.65,1,0,12,367.632,4.38,2.565413307
A Nehra,120,26,13,69,22,5.3,0,0,67.64,25,0,2.653846154,365.3309243,4.37,2.562686436
T Kohli,26,23,9,141,22,10.07,0,0,70.85,10,0,6.130434783,363.901569,4.37,2.560983928
P J Cummins,48,20,8,79,14,6.58,0,0,90.8,9,0,3.95,362.4933581,4.36,2.559300054
Y A Abdulla,55,8,5,26,16,8.66,0,0,72.22,6,0,3.25,357.7432144,4.35,2.553571405
S M Boland,17,5,4,17,8,17,0,0,113.33,2,0,3.4,356.3457856,4.34,2.551871627
K Singh,15,6,4,36,17,18,0,0,66.66,6,0,6,345.56544,4.31,2.538530302
A Kumble,54,21,17,46,8,11.5,0,0,77.96,15,0,2.190476191,339.3531977,4.29,2.530651946
A Singh,11,10,1,97,40,10.77,0,0,89.81,6,0,9.7,330.2591033,4.26,2.518854797
A B Dinda,116,28,12,73,22,4.56,0,0,67.59,17,0,2.607142857,298.2772191,4.16,2.474620085
A Zampa,39,15,3,67,15,5.58,0,0,93.05,4,0,4.466666667,289.4334394,4.12,2.461548705
J Arunkumar,7,7,0,79,31,11.28,0,0,101.28,0,0,11.28571429,288.8084275,4.12,2.460609862
R P Singh,132,50,25,108,18,4.32,0,0,72.97,42,0,2.16,287.6111733,4.12,2.458805754
K P Appan0,24,6,5,13,9,13,0,0,130,7,0,2.166666667,281.216,4.1,2.449040027
M Muralitharan,164,38,14,81,11,3.37,0,0,73.63,31,0,2.131578947,277.5747453,4.08,2.44337995
S S Gupta,16,8,1,54,22,7.71,0,0,103.84,3,0,6.75,276.6895718,4.08,2.441992791
P V Tambe,54,11,7,36,14,9,0,0,53.73,7,0,3.272727273,273.4720233,4.07,2.436912904
L Sharma,2,1,0,16,16,16,0,0,160,0,0,16,262.144,4.02,2.418539922
Shoaib Akhtar,38,19,5,75,14,5.35,0,0,98.68,7,0,3.947368421,253.41024,3.99,2.40382416
J Salman Butta,16,11,5,54,16,9,0,0,110.2,0,0,4.909090909,249.2844218,3.97,2.39669514
P Dharmani,11,7,2,47,16,9.4,0,0,111.9,9,9,6.714285714,248.5995977,3.97,2.395500422
P P Ojha,134,37,20,72,11,4.23,0,0,68.57,21,0,1.945945946,242.0249092,3.94,2.383860066
Y S Chahal,79,16,11,31,10,6.2,0,0,75.6,24,0,1.9375,229.579056,3.89,2.360932266
K C Cariappa,10,3,2,13,12,13,0,0,118.18,2,0,4.333333333,213.0391467,3.82,2.328459414
S N Thakur,13,5,3,22,7,11,0,0,104.76,4,0,4.4,210.9279744,3.81,2.324134182
U Kaul,9,3,2,13,9,13,0,0,130,3,0,4.333333333,210.912,3.81,2.32410129
C R D Fer0ndo,55,20,10,47,21,4.7,0,0,92.15,14,0,2.35,179.132228,3.66,2.253173728
C 0nda,20,5,2,20,13,6.66,0,0,100,6,0,4,170.496,3.61,2.231714195
G S Sandhu,26,6,2,25,7,6.25,0,0,78.12,7,0,4.166666667,169.26,3.61,2.228554337
M Ntini,60,12,6,30,11,5,0,0,69.76,7,0,2.5,167.424,3.6,2.223817714
B E Hendricks,42,8,5,21,12,7,0,0,67.74,7,0,2.625,167.290704,3.6,2.223471809
P Singh,42,21,10,60,10,5.45,0,0,69.76,12,0,2.857142857,145.993728,3.48,2.164334199
H S Bansal,31,8,3,22,14,4.4,0,0,110,6,0,2.75,132.0352,3.39,2.120689728
S E Bond,40,14,6,32,8,4,0,0,103.22,9,0,2.285714286,120.7968914,3.32,2.082055758
C Ga0pathy,25,11,2,37,15,4.11,0,0,94.87,12,0,3.363636364,104.9227702,3.2,2.020869748
A Uniyal,4,3,2,18,14,18,0,0,75,0,0,6,103.68,3.19,2.015694989
T Shamsi,48,13,8,27,7,5.4,0,0,56.25,6,0,2.076923077,96.90092308,3.14,1.986327914
P Parameswaran,34,10,8,15,13,7.5,0,0,75,5,0,1.5,91.8,3.1,1.962842681
T A Boult,52,14,7,29,5,4.14,0,0,61.7,24,0,2.071428571,88.04582948,3.06,1.944708789
P D Vijaykumar,18,6,4,12,6,6,0,0,120,1,0,2,82.944,3.02,1.918784976
R S Sodhi,14,10,1,45,12,5,0,0,81.81,5,0,4.5,82.46448,3.01,1.916266925
Mohammad Asif,35,7,4,13,5,4.33,0,0,86.66,8,0,1.857142857,78.0494624,2.97,1.892369916
P Awa0,61,13,8,22,8,4.4,0,0,51.16,10,0,1.692307692,74.36050905,2.94,1.871342354
R R Raje,28,13,6,27,11,3.85,0,0,96.42,14,0,2.076923077,69.08062818,2.88,1.839356278
Mohammed Shami,50,13,7,22,5,3.66,0,0,62.85,11,0,1.692307692,62.28531692,2.81,1.794385679
S Sharma,8,4,1,17,12,5.66,0,0,94.44,4,0,4.25,58.15690752,2.76,1.764601305
K R Upadhyay,21,10,6,19,11,4.75,0,0,79.16,7,0,1.9,48.0089568,2.63,1.681322269
R R Bose,11,3,1,7,7,3.5,0,0,140,0,0,2.333333333,40.24533333,2.52,1.604715529
R M Yadav,8,4,0,19,8,4.75,0,0,63.33,6,4,4.75,36.579408,2.46,1.563236673
M M Rahman,39,6,2,9,6,2.25,0,0,69.23,8,0,1.5,29.159676,2.32,1.464782694
V S Yeligati,4,2,1,6,4,6,0,0,120,1,0,3,27.648,2.29,1.441663721
R G More,11,4,2,10,4,5,0,0,62.5,3,0,2.5,27.5,2.29,1.439332694
S Tyagi,23,5,4,5,3,5,0,0,71.42,5,0,1,26.28256,2.26,1.419667665
T K Patel,6,4,2,11,8,5.5,0,0,78.57,3,0,2.75,22.816728,2.19,1.358253365
M B Parmar,7,5,2,12,7,4,0,0,100,1,0,2.4,21.504,2.15,1.332519251
X T Sargu0m,1,1,0,10,10,10,0,0,58.82,0,0,10,18.8224,2.08,1.274674999
A Singh,30,8,2,13,5,2.16,0,0,54.16,3,0,1.625,18.2497536,2.07,1.261257005
D L Chahar,11,7,2,14,6,2.8,0,0,87.5,5,0,2,17.248,2.04,1.236738744
G D McGrath,19,5,2,9,5,3,0,0,50,5,0,1.8,16.416,2.01,1.215267343
D J Muthuswami,22,7,4,9,4,3,0,0,60,5,0,1.285714286,16.29257143,2.01,1.211989634
S J Srivastava,22,7,4,6,3,2,0,0,85.71,6,0,0.857142857,10.34397257,1.79,1.01468736
N D Doshi,52,10,5,10,5,2,0,0,29.41,12,0,1,9.787648,1.77,0.990678342
S S Ladda,13,3,1,5,5,2.5,0,0,41.66,1,0,1.666666667,7.221066667,1.64,0.858601355
R V Pawar,8,4,1,7,3,2.33,0,0,50,1,0,1.75,5.2192,1.51,0.717603939
D Kalyankrish0,12,8,3,10,5,2,0,0,50,3,0,1.25,4.8,1.48,0.681241237
M Ashwin,16,3,1,3,3,1.5,0,0,50,1,0,1,3.84,1.4,0.584331224
R Ni0n,2,1,0,3,3,3,0,0,50,1,0,3,2.88,1.3,0.459392488
P Amar0th,14,4,3,1,1,1,0,0,33.33,4,0,0.25,0.373296,0.78,-0.427946664
V P Singh,14,2,0,1,1,0.5,0,0,33.33,3,0,0.5,0.373296,0.78,-0.427946664
S M S Ahmed,8,3,1,1,1,0.5,0,0,16.66,4,0,0.333333333,0.071082667,0.52,-1.148236288
A M Salvi,19,2,2,16,10,0,0,0,69.56,5,0,8,0,0,0
H S Baddhan,1,0,0,0,0,0,0,0,0,0,0,#VALUE!,0,0,0
I H Chaudhary,7,2,2,2,1,0,0,0,33.33,0,0,1,0,0,0
A A Kazi,4,2,2,13,12,0,0,0,144.44,0,0,6.5,0,0,0
A Rajpoot,23,3,3,2,2,0,0,0,28.57,1,0,0.666666667,0,0,0
L Ablash,22,4,4,6,4,0,0,0,50,1,0,1.5,0,0,0
P M S Kumar,2,1,1,1,1,0,0,0,50,0,0,1,0,0,0
P Suyal,17,2,1,0,0,0,0,0,0,1,0,0,0,0,0
R A Shaikh,1,0,0,0,0,0,0,0,0,0,0,#VALUE!,0,0,0
S Kaushik,7,2,1,0,0,0,0,0,0,0,0,0,0,0,0
S S Sarkar,5,0,0,0,0,0,0,0,0,0,0,0,0,0,0
